Feature,Importance
V14,0.22021122876511345
V4,0.1144231034472115
V10,0.10880610589026046
V12,0.09844155888229521
V11,0.0857684532487783
V17,0.0748744525474809
V3,0.03997782939471992
V7,0.03276222316800143
V16,0.027853977224189676
V2,0.018601353826020257
V21,0.014383288446804698
V18,0.014018027382227549
V19,0.012497010153290982
V20,0.011272228457250587
V9,0.010898964510039745
