Model,AUC_ROC,AUPRC,Precision,Recall,F1
Logistic Regression,0.9713643652452539,0.7184656392584957,0.055834378920953574,0.9081632653061225,0.10520094562647754
Random Forest,0.9475423997680109,0.8667968433201056,0.9390243902439024,0.7857142857142857,0.8555555555555555
Gradient Boosting,0.9756145705327713,0.7681075752017363,0.5771812080536913,0.8775510204081632,0.6963562753036437
